<?xml version="1.0" encoding="UTF-8"?>
<GenRun Id="impl_1" LaunchPart="xc7a100tcsg324-1" LaunchTime="1652823688">
  <File Type="ROUTE-PWR" Name="VGA_test_power_routed.rpt"/>
  <File Type="PA-TCL" Name="VGA_test.tcl"/>
  <File Type="ROUTE-PWR-SUM" Name="VGA_test_power_summary_routed.pb"/>
  <File Type="REPORTS-TCL" Name="VGA_test_reports.tcl"/>
  <File Type="BITSTR-MSK" Name="VGA_test.msk"/>
  <File Type="ROUTE-CLK" Name="VGA_test_clock_utilization_routed.rpt"/>
  <File Type="RDI-RDI" Name="VGA_test.vdi"/>
  <File Type="BG-BIT" Name="VGA_test.bit"/>
  <File Type="BG-DRC" Name="VGA_test.drc"/>
  <File Type="BG-BGN" Name="VGA_test.bgn"/>
  <File Type="BG-BIN" Name="VGA_test.bin"/>
  <File Type="BITSTR-RBT" Name="VGA_test.rbt"/>
  <File Type="BITSTR-NKY" Name="VGA_test.nky"/>
  <File Type="BITSTR-BMM" Name="VGA_test_bd.bmm"/>
  <File Type="BITSTR-MMI" Name="VGA_test.mmi"/>
  <File Type="ROUTE-METHODOLOGY-DRC" Name="VGA_test_methodology_drc_routed.rpt"/>
  <File Type="BITSTR-SYSDEF" Name="VGA_test.sysdef"/>
  <File Type="ROUTE-METHODOLOGY-DRC-PB" Name="VGA_test_methodology_drc_routed.pb"/>
  <File Type="BITSTR-LTX" Name="debug_nets.ltx"/>
  <File Type="BITSTR-LTX" Name="VGA_test.ltx"/>
  <File Type="WBT-USG" Name="usage_statistics_webtalk.html"/>
  <File Type="OPT-DRC" Name="VGA_test_drc_opted.rpt"/>
  <File Type="OPT-HWDEF" Name="VGA_test.hwdef"/>
  <File Type="PLACE-IO" Name="VGA_test_io_placed.rpt"/>
  <File Type="PLACE-UTIL" Name="VGA_test_utilization_placed.rpt"/>
  <File Type="PLACE-UTIL-PB" Name="VGA_test_utilization_placed.pb"/>
  <File Type="ROUTE-RQS" Name="VGA_test_routed.rqs"/>
  <File Type="PLACE-CTRL" Name="VGA_test_control_sets_placed.rpt"/>
  <File Type="ROUTE-RQS-RPT" Name="route_report_qor_suggestions_0.rpt"/>
  <File Type="PLACE-PRE-SIMILARITY" Name="VGA_test_incremental_reuse_pre_placed.rpt"/>
  <File Type="POSTROUTE-PHYSOPT-RQS-RPT" Name="postroute_physopt_report_qor_suggestions_0.rpt"/>
  <File Type="ROUTE-DRC" Name="VGA_test_drc_routed.rpt"/>
  <File Type="ROUTE-DRC-PB" Name="VGA_test_drc_routed.pb"/>
  <File Type="ROUTE-PWR-RPX" Name="VGA_test_power_routed.rpx"/>
  <File Type="ROUTE-STATUS" Name="VGA_test_route_status.rpt"/>
  <File Type="ROUTE-STATUS-PB" Name="VGA_test_route_status.pb"/>
  <File Type="ROUTE-DCP" Name="VGA_test_routed.dcp"/>
  <File Type="ROUTE-ERROR-DCP" Name="VGA_test_routed_error.dcp"/>
  <File Type="ROUTE-BLACKBOX-DCP" Name="VGA_test_routed_bb.dcp"/>
  <File Type="ROUTE-TIMINGSUMMARY" Name="VGA_test_timing_summary_routed.rpt"/>
  <File Type="ROUTE-TIMING-PB" Name="VGA_test_timing_summary_routed.pb"/>
  <File Type="ROUTE-TIMING-RPX" Name="VGA_test_timing_summary_routed.rpx"/>
  <File Type="ROUTE-BUS-SKEW" Name="VGA_test_bus_skew_routed.rpt"/>
  <File Type="ROUTE-BUS-SKEW-PB" Name="VGA_test_bus_skew_routed.pb"/>
  <File Type="ROUTE-BUS-SKEW-RPX" Name="VGA_test_bus_skew_routed.rpx"/>
  <File Type="OPT-DCP" Name="VGA_test_opt.dcp"/>
  <File Type="PLACE-DCP" Name="VGA_test_placed.dcp"/>
  <File Type="PWROPT-DCP" Name="VGA_test_pwropt.dcp"/>
  <File Type="POSTPLACE-PWROPT-DCP" Name="VGA_test_postplace_pwropt.dcp"/>
  <File Type="PHYSOPT-DCP" Name="VGA_test_physopt.dcp"/>
  <File Type="POSTROUTE-PHYSOPT-DCP" Name="VGA_test_postroute_physopt.dcp"/>
  <File Type="POSTROUTE-PHYSOPT-BLACKBOX-DCP" Name="VGA_test_postroute_physopt_bb.dcp"/>
  <File Type="ROUTE-DRC-RPX" Name="VGA_test_drc_routed.rpx"/>
  <File Type="ROUTE-METHODOLOGY-DRC-RPX" Name="VGA_test_methodology_drc_routed.rpx"/>
  <File Type="PDI-FILE" Name="VGA_test.pdi"/>
  <File Type="RCFI_FILE" Name="VGA_test.rcfi"/>
  <File Type="CFI_FILE" Name="VGA_test.cfi"/>
  <File Type="RNPI_FILE" Name="VGA_test.rnpi"/>
  <File Type="NPI_FILE" Name="VGA_test.npi"/>
  <File Type="RBD_FILE" Name="VGA_test.rbd"/>
  <File Type="POSTROUTE-PHYSOPT-RQS" Name="VGA_test_postroute_physopted.rqs"/>
  <FileSet Name="sources" Type="DesignSrcs" RelSrcDir="$PSRCDIR/sources_1" RelGenDir="$PGENDIR/sources_1">
    <Filter Type="Srcs"/>
    <File Path="$PSRCDIR/sources_1/new/vga_controller.vhd">
      <FileInfo>
        <Attr Name="UsedIn" Val="synthesis"/>
        <Attr Name="UsedIn" Val="simulation"/>
      </FileInfo>
    </File>
    <File Path="$PSRCDIR/sources_1/new/VGA_test.vhd">
      <FileInfo>
        <Attr Name="UsedIn" Val="synthesis"/>
        <Attr Name="UsedIn" Val="simulation"/>
      </FileInfo>
    </File>
    <Config>
      <Option Name="DesignMode" Val="RTL"/>
      <Option Name="TopModule" Val="VGA_test"/>
      <Option Name="TopAutoSet" Val="TRUE"/>
    </Config>
  </FileSet>
  <FileSet Name="constrs_in" Type="Constrs" RelSrcDir="$PSRCDIR/constrs_1">
    <Filter Type="Constrs"/>
    <File Path="$PSRCDIR/constrs_1/new/Board.xdc">
      <FileInfo>
        <Attr Name="UsedIn" Val="synthesis"/>
        <Attr Name="UsedIn" Val="implementation"/>
      </FileInfo>
    </File>
    <File Path="$PSRCDIR/constrs_1/new/Clock.xdc">
      <FileInfo>
        <Attr Name="UsedIn" Val="synthesis"/>
        <Attr Name="UsedIn" Val="implementation"/>
      </FileInfo>
    </File>
    <Config>
      <Option Name="ConstrsType" Val="XDC"/>
    </Config>
  </FileSet>
  <FileSet Name="utils" Type="Utils" RelSrcDir="$PSRCDIR/utils_1">
    <Filter Type="Utils"/>
    <File Path="$PSRCDIR/utils_1/imports/synth_1/Counter.dcp">
      <FileInfo>
        <Attr Name="UsedIn" Val="synthesis"/>
        <Attr Name="UsedIn" Val="implementation"/>
        <Attr Name="UsedInSteps" Val="synth_1"/>
        <Attr Name="AutoDcp" Val="1"/>
      </FileInfo>
    </File>
    <Config>
      <Option Name="TopAutoSet" Val="TRUE"/>
    </Config>
  </FileSet>
  <Strategy Version="1" Minor="2">
    <StratHandle Name="Vivado Implementation Defaults" Flow="Vivado Implementation 2022"/>
    <Step Id="init_design"/>
    <Step Id="opt_design"/>
    <Step Id="power_opt_design"/>
    <Step Id="place_design"/>
    <Step Id="post_place_power_opt_design"/>
    <Step Id="phys_opt_design"/>
    <Step Id="route_design"/>
    <Step Id="post_route_phys_opt_design"/>
    <Step Id="write_bitstream"/>
    <Step Id="write_device_image"/>
  </Strategy>
  <BlockFileSet Type="BlockSrcs" Name="clk_wiz_0"/>
</GenRun>
